{
  "VIIRS_M11": {
    "mean": 1908.530022090236,
    "std": 1154.0238068631625,
    "min": -100.0,
    "max": 16000.0,
    "count": 1022270660,
    "missing": 53208071,
    "missing_rate": 0.049473847753852045,
    "value_counts": {}
  },
  "VIIRS_I2": {
    "mean": 2944.9843741058926,
    "std": 1665.5336516072564,
    "min": -100.0,
    "max": 15998.0,
    "count": 1022266175,
    "missing": 53212556,
    "missing_rate": 0.049478017989739304,
    "value_counts": {}
  },
  "VIIRS_I1": {
    "mean": 1820.3221164491513,
    "std": 1944.8224316847882,
    "min": -100.0,
    "max": 15997.0,
    "count": 1022267546,
    "missing": 53211185,
    "missing_rate": 0.04947674320860186,
    "value_counts": {}
  },
  "NDVI": {
    "mean": 4323.2091282164365,
    "std": 2221.9518942027084,
    "min": -9966.0,
    "max": 9995.0,
    "count": 985686707,
    "missing": 89792024,
    "missing_rate": 0.0834902833610756,
    "value_counts": {}
  },
  "EVI2": {
    "mean": 2221.041481705808,
    "std": 1091.6336042529715,
    "min": -5172.0,
    "max": 9998.0,
    "count": 985686249,
    "missing": 89792482,
    "missing_rate": 0.0834907092179399,
    "value_counts": {}
  },
  "Total_Precip": {
    "mean": 0.49932764810947694,
    "std": 2.264530332042937,
    "min": 0.0,
    "max": 145.3000030517578,
    "count": 1063820638,
    "missing": 11658093,
    "missing_rate": 0.010839910324549226,
    "value_counts": {}
  },
  "Wind_Speed": {
    "mean": 3.487014043057134,
    "std": 1.4438095457039715,
    "min": 0.30000001192092896,
    "max": 16.200000762939453,
    "count": 1063820638,
    "missing": 11658093,
    "missing_rate": 0.010839910324549226,
    "value_counts": {}
  },
  "Wind_Direction": {
    "mean": 222.40186504071187,
    "std": 80.93460115422272,
    "min": 0.0,
    "max": 360.0,
    "count": 1063820638,
    "missing": 11658093,
    "missing_rate": 0.010839910324549226,
    "value_counts": {}
  },
  "Min_Temp_K": {
    "mean": 283.0624343349128,
    "std": 7.208667618436808,
    "min": 242.0,
    "max": 311.79998779296875,
    "count": 1063820638,
    "missing": 11658093,
    "missing_rate": 0.010839910324549226,
    "value_counts": {}
  },
  "Max_Temp_K": {
    "mean": 299.46651512884074,
    "std": 8.224377521506726,
    "min": 254.6999969482422,
    "max": 325.3999938964844,
    "count": 1063820638,
    "missing": 11658093,
    "missing_rate": 0.010839910324549226,
    "value_counts": {}
  },
  "ERC": {
    "mean": 68.95794899120955,
    "std": 19.742632899903867,
    "min": 0.0,
    "max": 122.0,
    "count": 1063820638,
    "missing": 11658093,
    "missing_rate": 0.010839910324549226,
    "value_counts": {}
  },
  "Spec_Hum": {
    "mean": 0.005505641814724272,
    "std": 0.002148467509175864,
    "min": 0.00018000000272877514,
    "max": 0.02053000032901764,
    "count": 1063820638,
    "missing": 11658093,
    "missing_rate": 0.010839910324549226,
    "value_counts": {}
  },
  "PDSI": {
    "mean": 7.205581946338073,
    "std": 6.882154306879668,
    "min": 0.0,
    "max": 67.07324981689453,
    "count": 1064822853,
    "missing": 10655878,
    "missing_rate": 0.009908032295619615,
    "value_counts": {}
  },
  "Slope": {
    "mean": 175.4317100930966,
    "std": 102.8595312427512,
    "min": -0.0,
    "max": 359.8907165527344,
    "count": 1064822853,
    "missing": 10655878,
    "missing_rate": 0.009908032295619615,
    "value_counts": {}
  },
  "Aspect": {
    "mean": 1487.207217055084,
    "std": 751.187616810731,
    "min": -84.0,
    "max": 4350.0,
    "count": 1065008471,
    "missing": 10470260,
    "missing_rate": 0.009735441248814432,
    "value_counts": {}
  },
  "Elevation": {
    "mean": -2.0172300031465644,
    "std": 2.181495896947712,
    "min": -13.75,
    "max": 9.65999984741211,
    "count": 1059379986,
    "missing": 16098745,
    "missing_rate": 0.014968910621813124,
    "value_counts": {}
  },
  "Landcover": {
    "mean": 8.65888782323116,
    "std": 3.3574112512968677,
    "min": 1.0,
    "max": 17.0,
    "count": 1075478731,
    "missing": 0,
    "missing_rate": 0.0,
    "value_counts": {
      "1": 130798735,
      "6": 6841136,
      "7": 68951067,
      "8": 129378341,
      "9": 110165748,
      "10": 518717289,
      "11": 2006486,
      "12": 51657576,
      "13": 15414889,
      "14": 556923,
      "16": 17932757,
      "17": 16358556,
      "2": 3371147,
      "4": 233931,
      "5": 2500645,
      "15": 593455,
      "3": 50
    }
  },
  "Forecast_Precip": {
    "mean": 9.086877978668273,
    "std": 28.736279642957097,
    "min": 0.0,
    "max": 1144.8125,
    "count": 1075478731,
    "missing": 0,
    "missing_rate": 0.0,
    "value_counts": {}
  },
  "Forecast_Wind_Speed": {
    "mean": 1.5759607784609921,
    "std": 1.1175460712399445,
    "min": 0.002021260093897581,
    "max": 14.295915603637695,
    "count": 1075478731,
    "missing": 0,
    "missing_rate": 0.0,
    "value_counts": {}
  },
  "Forecast_Wind_Dir": {
    "mean": 6.149844301225597,
    "std": 44.91594340305006,
    "min": -89.99921417236328,
    "max": 89.9974136352539,
    "count": 1075478731,
    "missing": 0,
    "missing_rate": 0.0,
    "value_counts": {}
  },
  "Forecast_Temp_C": {
    "mean": 18.577958983074954,
    "std": 7.155282384765669,
    "min": -17.035289764404297,
    "max": 39.50589370727539,
    "count": 1075478731,
    "missing": 0,
    "missing_rate": 0.0,
    "value_counts": {}
  },
  "Forecast_Spec_Hum": {
    "mean": 0.005434962392604722,
    "std": 0.0018624321740906718,
    "min": 0.0009105954086408019,
    "max": 0.014078577049076557,
    "count": 1075478731,
    "missing": 0,
    "missing_rate": 0.0,
    "value_counts": {}
  },
  "Active_Fire": {
    "mean": 0.025803015159767025,
    "std": 0.6583077606246417,
    "min": 0.0,
    "max": 22.0,
    "count": 1075478731,
    "missing": 0,
    "missing_rate": 0.0,
    "value_counts": {
      "0": 1073600052,
      "8": 73618,
      "9": 344579,
      "10": 493324,
      "20": 360524,
      "19": 74897,
      "21": 398387,
      "7": 1193,
      "18": 3772,
      "11": 70288,
      "22": 58097
    }
  },
  "total_samples": 1075478731
}