Landcover,Active_Fire
5.0,0.0050933786078098476
1.0,0.0038831084781201773
6.0,0.003443526170798898
8.0,0.0028787019671130108
2.0,0.001201923076923077
9.0,0.0009377264396232044
10.0,0.0006980740316460227
13.0,0.00029403116730373417
7.0,0.0002465331278890601
12.0,8.2223318533136e-05
4.0,0.0
11.0,0.0
14.0,0.0
15.0,0.0
16.0,0.0
17.0,0.0
