{
  "VIIRS_M11": {
    "mean": 2001.0372773004524,
    "std": 1107.024221392636,
    "min": -100.0,
    "max": 15935.0,
    "count": 110193870,
    "missing": 4834553,
    "missing_rate": 0.04202920351259619,
    "value_counts": {}
  },
  "VIIRS_I2": {
    "mean": 2990.193159312666,
    "std": 1714.7686382089823,
    "min": -100.0,
    "max": 15969.0,
    "count": 110193693,
    "missing": 4834730,
    "missing_rate": 0.04203074226271884,
    "value_counts": {}
  },
  "VIIRS_I1": {
    "mean": 1886.7787853134762,
    "std": 1950.865934731944,
    "min": -100.0,
    "max": 15978.0,
    "count": 110193945,
    "missing": 4834478,
    "missing_rate": 0.04202855149983235,
    "value_counts": {}
  },
  "NDVI": {
    "mean": 4022.031375468079,
    "std": 2051.76531127297,
    "min": -9780.0,
    "max": 9994.0,
    "count": 111338578,
    "missing": 3689845,
    "missing_rate": 0.03207768048771737,
    "value_counts": {}
  },
  "EVI2": {
    "mean": 2103.225926399723,
    "std": 1026.6939629377807,
    "min": -5172.0,
    "max": 9998.0,
    "count": 111338467,
    "missing": 3689956,
    "missing_rate": 0.032078645466607845,
    "value_counts": {}
  },
  "Total_Precip": {
    "mean": 0.6367240397501297,
    "std": 2.199625316966621,
    "min": 0.0,
    "max": 45.29999923706055,
    "count": 113877858,
    "missing": 1150565,
    "missing_rate": 0.010002440874982699,
    "value_counts": {}
  },
  "Wind_Speed": {
    "mean": 3.3125812350632726,
    "std": 1.305933753926082,
    "min": 0.4000000059604645,
    "max": 13.300000190734863,
    "count": 113877858,
    "missing": 1150565,
    "missing_rate": 0.010002440874982699,
    "value_counts": {}
  },
  "Wind_Direction": {
    "mean": 210.3421359400701,
    "std": 66.72553339864548,
    "min": 0.0,
    "max": 356.0,
    "count": 113877858,
    "missing": 1150565,
    "missing_rate": 0.010002440874982699,
    "value_counts": {}
  },
  "Min_Temp_K": {
    "mean": 283.4403806927946,
    "std": 7.54460139276362,
    "min": 243.1999969482422,
    "max": 311.5,
    "count": 113877858,
    "missing": 1150565,
    "missing_rate": 0.010002440874982699,
    "value_counts": {}
  },
  "Max_Temp_K": {
    "mean": 299.6418299332606,
    "std": 8.631067906342782,
    "min": 260.3999938964844,
    "max": 320.70001220703125,
    "count": 113877858,
    "missing": 1150565,
    "missing_rate": 0.010002440874982699,
    "value_counts": {}
  },
  "ERC": {
    "mean": 64.16742605924323,
    "std": 20.889330722325493,
    "min": 0.0,
    "max": 116.0,
    "count": 113877858,
    "missing": 1150565,
    "missing_rate": 0.010002440874982699,
    "value_counts": {}
  },
  "Spec_Hum": {
    "mean": 0.005881562744970526,
    "std": 0.0023163828080534484,
    "min": 0.00018000000272877514,
    "max": 0.01640000008046627,
    "count": 113877858,
    "missing": 1150565,
    "missing_rate": 0.010002440874982699,
    "value_counts": {}
  },
  "PDSI": {
    "mean": 5.944137644673592,
    "std": 6.314331648816486,
    "min": 0.0,
    "max": 67.07324981689453,
    "count": 113339620,
    "missing": 1688803,
    "missing_rate": 0.014681614821408097,
    "value_counts": {}
  },
  "Slope": {
    "mean": 174.3693240545539,
    "std": 102.8215060101849,
    "min": -0.0,
    "max": 359.8907165527344,
    "count": 113339620,
    "missing": 1688803,
    "missing_rate": 0.014681614821408097,
    "value_counts": {}
  },
  "Aspect": {
    "mean": 1409.534387259855,
    "std": 699.5901444596878,
    "min": -17.0,
    "max": 4344.0,
    "count": 113369763,
    "missing": 1658660,
    "missing_rate": 0.014419566544870392,
    "value_counts": {}
  },
  "Elevation": {
    "mean": 0.9656545412480197,
    "std": 1.7756557458356148,
    "min": -5.050000190734863,
    "max": 9.65999984741211,
    "count": 113501679,
    "missing": 1526744,
    "missing_rate": 0.013272754334813406,
    "value_counts": {}
  },
  "Landcover": {
    "mean": 9.29897467167745,
    "std": 2.7781418976013366,
    "min": 1.0,
    "max": 17.0,
    "count": 115028423,
    "missing": 0,
    "missing_rate": 0.0,
    "value_counts": {
      "8": 8358544,
      "9": 14484963,
      "10": 56769212,
      "11": 190864,
      "12": 6803595,
      "13": 2471346,
      "15": 199934,
      "16": 1974353,
      "17": 2599128,
      "1": 5627387,
      "2": 609256,
      "5": 416382,
      "6": 952589,
      "7": 13494493,
      "14": 66700,
      "4": 9677
    }
  },
  "Forecast_Precip": {
    "mean": 19.04188869204527,
    "std": 30.578771560768175,
    "min": 0.0,
    "max": 473.875,
    "count": 115028423,
    "missing": 0,
    "missing_rate": 0.0,
    "value_counts": {}
  },
  "Forecast_Wind_Speed": {
    "mean": 1.6133123098844884,
    "std": 1.0130655688989654,
    "min": 0.0043708560988307,
    "max": 9.121054649353027,
    "count": 115028423,
    "missing": 0,
    "missing_rate": 0.0,
    "value_counts": {}
  },
  "Forecast_Wind_Dir": {
    "mean": 14.226840619644069,
    "std": 43.53244905625126,
    "min": -89.98863983154297,
    "max": 89.99485778808594,
    "count": 115028423,
    "missing": 0,
    "missing_rate": 0.0,
    "value_counts": {}
  },
  "Forecast_Temp_C": {
    "mean": 18.7646655114645,
    "std": 7.7034025430429525,
    "min": -10.122316360473633,
    "max": 38.3087043762207,
    "count": 115028423,
    "missing": 0,
    "missing_rate": 0.0,
    "value_counts": {}
  },
  "Forecast_Spec_Hum": {
    "mean": 0.005838144384088852,
    "std": 0.002244626815250808,
    "min": 0.0009105954086408019,
    "max": 0.013559453189373016,
    "count": 115028423,
    "missing": 0,
    "missing_rate": 0.0,
    "value_counts": {}
  },
  "Active_Fire": {
    "mean": 0.005989832617282774,
    "std": 0.3209219692331071,
    "min": 0.0,
    "max": 22.0,
    "count": 115028423,
    "missing": 0,
    "missing_rate": 0.0,
    "value_counts": {
      "0": 114982923,
      "19": 3356,
      "20": 10418,
      "21": 9423,
      "8": 3179,
      "9": 10770,
      "10": 6251,
      "7": 52,
      "18": 157,
      "11": 976,
      "22": 918
    }
  },
  "total_samples": 115028423
}