Landcover,Active_Fire
8.0,0.0009446987864254052
5.0,0.0008802816901408451
7.0,0.0007051854637769733
16.0,0.0005915409642117716
1.0,0.0005103603143819537
10.0,0.00027339929967717854
13.0,0.00025412960609911054
12.0,0.0001685630004214075
9.0,0.00012943308309603936
2.0,0.0
4.0,0.0
6.0,0.0
11.0,0.0
14.0,0.0
15.0,0.0
17.0,0.0
