total_samples,valid_samples,missing_ratio,mean,std,min,max,median,q25,q75
1483750,1483750,0.0,0.007607750594615936,0.3588750660419464,0.0,21.0,0.0,0.0,0.0
