{
  "VIIRS_M11": {
    "mean": 1943.2987761106967,
    "std": 1148.0163402578892,
    "min": -100.0,
    "max": 16000.0,
    "count": 293503178,
    "missing": 5802355,
    "missing_rate": 0.019386059929603773,
    "value_counts": {}
  },
  "VIIRS_I2": {
    "mean": 2926.7093894754175,
    "std": 1606.9384059283557,
    "min": -100.0,
    "max": 15998.0,
    "count": 293504267,
    "missing": 5801266,
    "missing_rate": 0.0193824215070558,
    "value_counts": {}
  },
  "VIIRS_I1": {
    "mean": 1771.7605760249944,
    "std": 1870.6910371410265,
    "min": -100.0,
    "max": 15987.0,
    "count": 293504625,
    "missing": 5800908,
    "missing_rate": 0.019381225404877498,
    "value_counts": {}
  },
  "NDVI": {
    "mean": 4250.714276893762,
    "std": 2268.5232213194995,
    "min": -9951.0,
    "max": 9995.0,
    "count": 293698130,
    "missing": 5607403,
    "missing_rate": 0.01873471213109849,
    "value_counts": {}
  },
  "EVI2": {
    "mean": 2238.736722900802,
    "std": 1164.543222984016,
    "min": -5163.0,
    "max": 9991.0,
    "count": 293697945,
    "missing": 5607588,
    "missing_rate": 0.01873533022859287,
    "value_counts": {}
  },
  "Total_Precip": {
    "mean": 0.41370682221463595,
    "std": 2.134612802720554,
    "min": 0.0,
    "max": 145.3000030517578,
    "count": 296164535,
    "missing": 3140998,
    "missing_rate": 0.010494286452098432,
    "value_counts": {}
  },
  "Wind_Speed": {
    "mean": 3.438550881438252,
    "std": 1.4284305483087711,
    "min": 0.4000000059604645,
    "max": 14.699999809265137,
    "count": 296164535,
    "missing": 3140998,
    "missing_rate": 0.010494286452098432,
    "value_counts": {}
  },
  "Wind_Direction": {
    "mean": 221.86728233345022,
    "std": 65.53343463968207,
    "min": 0.0,
    "max": 357.0,
    "count": 296164535,
    "missing": 3140998,
    "missing_rate": 0.010494286452098432,
    "value_counts": {}
  },
  "Min_Temp_K": {
    "mean": 282.17822842292713,
    "std": 6.592349460568088,
    "min": 245.6999969482422,
    "max": 306.0,
    "count": 296164535,
    "missing": 3140998,
    "missing_rate": 0.010494286452098432,
    "value_counts": {}
  },
  "Max_Temp_K": {
    "mean": 299.1197749453695,
    "std": 7.695374876084542,
    "min": 254.6999969482422,
    "max": 323.20001220703125,
    "count": 296164535,
    "missing": 3140998,
    "missing_rate": 0.010494286452098432,
    "value_counts": {}
  },
  "ERC": {
    "mean": 69.64491456750552,
    "std": 18.180368802725873,
    "min": 0.0,
    "max": 117.0,
    "count": 296164535,
    "missing": 3140998,
    "missing_rate": 0.010494286452098432,
    "value_counts": {}
  },
  "Spec_Hum": {
    "mean": 0.005326463679778592,
    "std": 0.002021650563551395,
    "min": 0.0004799999878741801,
    "max": 0.02053000032901764,
    "count": 296164535,
    "missing": 3140998,
    "missing_rate": 0.010494286452098432,
    "value_counts": {}
  },
  "PDSI": {
    "mean": 7.0244224985770805,
    "std": 6.914975267193384,
    "min": 0.0,
    "max": 67.07324981689453,
    "count": 297746972,
    "missing": 1558561,
    "missing_rate": 0.005207257561790546,
    "value_counts": {}
  },
  "Slope": {
    "mean": 174.90812012019387,
    "std": 103.10264888086415,
    "min": -0.0,
    "max": 359.8907165527344,
    "count": 297746972,
    "missing": 1558561,
    "missing_rate": 0.005207257561790546,
    "value_counts": {}
  },
  "Aspect": {
    "mean": 1581.6096581802294,
    "std": 794.9015945753115,
    "min": -45.0,
    "max": 4350.0,
    "count": 297783302,
    "missing": 1522231,
    "missing_rate": 0.005085876578165362,
    "value_counts": {}
  },
  "Elevation": {
    "mean": -1.9439433408170828,
    "std": 1.9225797941891765,
    "min": -8.569999694824219,
    "max": 7.909999847412109,
    "count": 295013385,
    "missing": 4292148,
    "missing_rate": 0.014340356347505277,
    "value_counts": {}
  },
  "Landcover": {
    "mean": 8.786508042936848,
    "std": 3.2744921448215822,
    "min": 1.0,
    "max": 17.0,
    "count": 299305533,
    "missing": 0,
    "missing_rate": 0.0,
    "value_counts": {
      "1": 35147855,
      "6": 1418299,
      "7": 10927953,
      "8": 31003068,
      "9": 28066965,
      "10": 162740262,
      "11": 562846,
      "12": 16291157,
      "13": 2910510,
      "14": 133930,
      "16": 4723791,
      "17": 3304597,
      "2": 1311373,
      "4": 76355,
      "5": 471503,
      "15": 215069
    }
  },
  "Forecast_Precip": {
    "mean": 18.275784236838682,
    "std": 47.27150636936441,
    "min": 0.0,
    "max": 1144.8125,
    "count": 299305533,
    "missing": 0,
    "missing_rate": 0.0,
    "value_counts": {}
  },
  "Forecast_Wind_Speed": {
    "mean": 1.5862227770777628,
    "std": 1.1019583458980065,
    "min": 0.004279064014554024,
    "max": 10.072768211364746,
    "count": 299305533,
    "missing": 0,
    "missing_rate": 0.0,
    "value_counts": {}
  },
  "Forecast_Wind_Dir": {
    "mean": 3.8845887762330475,
    "std": 46.447466800234054,
    "min": -89.98978424072266,
    "max": 89.9974136352539,
    "count": 299305533,
    "missing": 0,
    "missing_rate": 0.0,
    "value_counts": {}
  },
  "Forecast_Temp_C": {
    "mean": 18.26417393578972,
    "std": 6.689135909606939,
    "min": -17.035289764404297,
    "max": 37.204463958740234,
    "count": 299305533,
    "missing": 0,
    "missing_rate": 0.0,
    "value_counts": {}
  },
  "Forecast_Spec_Hum": {
    "mean": 0.0054720513302045585,
    "std": 0.0017850113388506099,
    "min": 0.0011652868706732988,
    "max": 0.014078577049076557,
    "count": 299305533,
    "missing": 0,
    "missing_rate": 0.0,
    "value_counts": {}
  },
  "Active_Fire": {
    "mean": 0.018990564400959472,
    "std": 0.5654293332419421,
    "min": 0.0,
    "max": 22.0,
    "count": 299305533,
    "missing": 0,
    "missing_rate": 0.0,
    "value_counts": {
      "0": 298921351,
      "8": 18321,
      "9": 74718,
      "10": 90418,
      "20": 72132,
      "19": 20314,
      "21": 81559,
      "7": 333,
      "18": 570,
      "11": 14649,
      "22": 11168
    }
  },
  "total_samples": 299305533
}