Landcover,Active_Fire
1.0,0.004374941822582147
6.0,0.002859866539561487
8.0,0.0021244749167109267
13.0,0.001923816852635629
9.0,0.0009586760179625612
10.0,0.0007923447309075395
7.0,0.00022740193291642978
12.0,6.673785371062466e-05
2.0,0.0
4.0,0.0
5.0,0.0
11.0,0.0
14.0,0.0
15.0,0.0
16.0,0.0
17.0,0.0
