{
  "VIIRS_M11": {
    "mean": 1834.5194399262211,
    "std": 1203.1244418009205,
    "min": -100.0,
    "max": 15994.0,
    "count": 280634527,
    "missing": 35354762,
    "missing_rate": 0.11188595066587842,
    "value_counts": {}
  },
  "VIIRS_I2": {
    "mean": 3014.054578335508,
    "std": 1761.9513037121642,
    "min": -100.0,
    "max": 15787.0,
    "count": 280636554,
    "missing": 35352735,
    "missing_rate": 0.11187953589148397,
    "value_counts": {}
  },
  "VIIRS_I1": {
    "mean": 1844.376518743125,
    "std": 2102.1532524525333,
    "min": -100.0,
    "max": 15947.0,
    "count": 280636579,
    "missing": 35352710,
    "missing_rate": 0.11187945677487822,
    "value_counts": {}
  },
  "NDVI": {
    "mean": 4791.114139632117,
    "std": 2217.8155971917827,
    "min": -9841.0,
    "max": 9994.0,
    "count": 260828745,
    "missing": 55160544,
    "missing_rate": 0.17456460051087364,
    "value_counts": {}
  },
  "EVI2": {
    "mean": 2400.4439239956246,
    "std": 1077.459092755735,
    "min": -2727.0,
    "max": 9996.0,
    "count": 260828721,
    "missing": 55160568,
    "missing_rate": 0.17456467646281518,
    "value_counts": {}
  },
  "Total_Precip": {
    "mean": 0.58643211747059,
    "std": 2.3867679805677717,
    "min": 0.0,
    "max": 84.0,
    "count": 313748028,
    "missing": 2241261,
    "missing_rate": 0.007092838517067583,
    "value_counts": {}
  },
  "Wind_Speed": {
    "mean": 3.4616293102247004,
    "std": 1.3116086603086532,
    "min": 0.30000001192092896,
    "max": 14.699999809265137,
    "count": 313748028,
    "missing": 2241261,
    "missing_rate": 0.007092838517067583,
    "value_counts": {}
  },
  "Wind_Direction": {
    "mean": 229.21985253720862,
    "std": 91.0728071638001,
    "min": 0.0,
    "max": 360.0,
    "count": 313748028,
    "missing": 2241261,
    "missing_rate": 0.007092838517067583,
    "value_counts": {}
  },
  "Min_Temp_K": {
    "mean": 283.3991411732475,
    "std": 6.411084121213824,
    "min": 249.6999969482422,
    "max": 309.29998779296875,
    "count": 313748028,
    "missing": 2241261,
    "missing_rate": 0.007092838517067583,
    "value_counts": {}
  },
  "Max_Temp_K": {
    "mean": 299.58411279002524,
    "std": 7.569073246969954,
    "min": 266.3999938964844,
    "max": 323.29998779296875,
    "count": 313748028,
    "missing": 2241261,
    "missing_rate": 0.007092838517067583,
    "value_counts": {}
  },
  "ERC": {
    "mean": 67.23043181645113,
    "std": 19.65013685168521,
    "min": 0.0,
    "max": 119.0,
    "count": 313748028,
    "missing": 2241261,
    "missing_rate": 0.007092838517067583,
    "value_counts": {}
  },
  "Spec_Hum": {
    "mean": 0.005743085303856326,
    "std": 0.001977844875004147,
    "min": 0.0006500000017695129,
    "max": 0.015860000625252724,
    "count": 313748028,
    "missing": 2241261,
    "missing_rate": 0.007092838517067583,
    "value_counts": {}
  },
  "PDSI": {
    "mean": 8.376728775621455,
    "std": 7.288305053388952,
    "min": 0.0,
    "max": 58.12943649291992,
    "count": 315022663,
    "missing": 966626,
    "missing_rate": 0.00305904672610596,
    "value_counts": {}
  },
  "Slope": {
    "mean": 176.51934884443537,
    "std": 103.18828582985543,
    "min": -0.0,
    "max": 359.8907165527344,
    "count": 315022663,
    "missing": 966626,
    "missing_rate": 0.00305904672610596,
    "value_counts": {}
  },
  "Aspect": {
    "mean": 1459.1248472835857,
    "std": 660.0297014787488,
    "min": -76.0,
    "max": 4350.0,
    "count": 315038172,
    "missing": 951117,
    "missing_rate": 0.003009965948560997,
    "value_counts": {}
  },
  "Elevation": {
    "mean": -3.760536451298381,
    "std": 1.2640295169489928,
    "min": -13.75,
    "max": 3.6600000858306885,
    "count": 312543572,
    "missing": 3445717,
    "missing_rate": 0.01090453733702347,
    "value_counts": {}
  },
  "Landcover": {
    "mean": 8.031657019235231,
    "std": 3.5685010202737106,
    "min": 1.0,
    "max": 17.0,
    "count": 315989289,
    "missing": 0,
    "missing_rate": 0.0,
    "value_counts": {
      "1": 56064064,
      "2": 240139,
      "5": 519159,
      "6": 1468000,
      "7": 11627717,
      "8": 55089408,
      "9": 29131791,
      "10": 140964234,
      "11": 694149,
      "12": 13059568,
      "13": 1448684,
      "14": 46230,
      "16": 3109052,
      "17": 2450029,
      "4": 31768,
      "15": 45247,
      "3": 50
    }
  },
  "Forecast_Precip": {
    "mean": 0.7433242519653886,
    "std": 6.106334552077865,
    "min": 0.0,
    "max": 163.4375,
    "count": 315989289,
    "missing": 0,
    "missing_rate": 0.0,
    "value_counts": {}
  },
  "Forecast_Wind_Speed": {
    "mean": 1.4216809254332035,
    "std": 0.9579477328458742,
    "min": 0.005108990240842104,
    "max": 12.139274597167969,
    "count": 315989289,
    "missing": 0,
    "missing_rate": 0.0,
    "value_counts": {}
  },
  "Forecast_Wind_Dir": {
    "mean": 2.230210793632312,
    "std": 43.6064298947787,
    "min": -89.99530792236328,
    "max": 89.99470520019531,
    "count": 315989289,
    "missing": 0,
    "missing_rate": 0.0,
    "value_counts": {}
  },
  "Forecast_Temp_C": {
    "mean": 18.82202335108264,
    "std": 6.441807912333055,
    "min": -9.439990043640137,
    "max": 37.93353271484375,
    "count": 315989289,
    "missing": 0,
    "missing_rate": 0.0,
    "value_counts": {}
  },
  "Forecast_Spec_Hum": {
    "mean": 0.005478607698371571,
    "std": 0.0015719865570208694,
    "min": 0.0015543242916464806,
    "max": 0.012933527119457722,
    "count": 315989289,
    "missing": 0,
    "missing_rate": 0.0,
    "value_counts": {}
  },
  "Active_Fire": {
    "mean": 0.0359421676473344,
    "std": 0.7744681761399737,
    "min": 0.0,
    "max": 22.0,
    "count": 315989289,
    "missing": 0,
    "missing_rate": 0.0,
    "value_counts": {
      "0": 315215250,
      "8": 21226,
      "9": 143484,
      "10": 216750,
      "19": 24897,
      "20": 133022,
      "21": 171199,
      "22": 26166,
      "18": 2035,
      "7": 32,
      "11": 35228
    }
  },
  "total_samples": 315989289
}