Landcover,Active_Fire
11.0,0.005221932114882507
1.0,0.004526683608640406
8.0,0.0033361960758406554
9.0,0.0017470109734126766
10.0,0.0007313642756680731
7.0,0.00023750148438427741
12.0,0.0001226241569589209
2.0,0.0
4.0,0.0
5.0,0.0
6.0,0.0
13.0,0.0
14.0,0.0
15.0,0.0
16.0,0.0
17.0,0.0
