Feature,MutualInformation
Landcover,0.01355742792651582
ERC,0.0010709720826096447
Forecast_Temp_C,0.0010399202459330237
Wind_Speed,0.0009070086425235768
Forecast_Spec_Hum,0.0008964454987197001
Elevation,0.0007682688400367788
Forecast_Wind_Dir,0.0006943101849857802
Min_Temp_K,0.0005550519322535807
Max_Temp_K,0.000550217915994633
VIIRS_I1,0.000548432134807042
PDSI,0.0005389387394907352
Wind_Direction,0.000460333118148748
EVI2,0.00041528916974520325
Spec_Hum,0.0003903422195798978
Forecast_Wind_Speed,0.00036292001783400085
NDVI,0.00028616290696015234
VIIRS_I2,0.00025894611542265356
VIIRS_M11,0.0002470852588892791
Aspect,0.0002350432433149141
Forecast_Precip,1.4420431705852721e-05
Slope,0.0
Total_Precip,0.0
