{
  "variable_name": "Max_Temp_K",
  "baseline_area": 0.0,
  "perturbations": [
    -0.3,
    -0.16666666666666666,
    -0.033333333333333326,
    0.10000000000000003,
    0.23333333333333334,
    0.36666666666666664,
    0.5
  ],
  "fire_areas": [
    1636.0,
    0.0,
    0.0,
    0.0,
    0.0,
    0.0,
    0.0
  ],
  "area_changes": [
    163600.0,
    0.0,
    0.0,
    0.0,
    0.0,
    0.0,
    0.0
  ],
  "correlation": -0.6123724356957945,
  "slope": -131464.2857142857,
  "intercept": 36517.857142857145,
  "r_value": -0.6123724356957946,
  "p_value": 0.14381080871160368,
  "std_err": 75900.94074596472,
  "physics_consistent": false,
  "physics_hypothesis": {
    "expected_direction": "positive",
    "expected_magnitude": "moderate",
    "physical_principle": "温度升高降低燃料点燃阈值，加速热解过程",
    "perturbation_range": [
      -0.3,
      0.5
    ],
    "perturbation_steps": 7
  },
  "experiment_config": {
    "simulation_days": 5,
    "fire_threshold": 0.3,
    "perturbation_range": [
      -0.3,
      0.5
    ],
    "perturbation_steps": 7
  }
}