{
  "VIIRS_M11": {
    "mean": 1909.6291919710916,
    "std": 1128.6857061714607,
    "min": -100.0,
    "max": 15985.0,
    "count": 337939085,
    "missing": 7216401,
    "missing_rate": 0.02090768158904477,
    "value_counts": {}
  },
  "VIIRS_I2": {
    "mean": 2888.75536889099,
    "std": 1613.615382296918,
    "min": -100.0,
    "max": 15985.0,
    "count": 337931661,
    "missing": 7223825,
    "missing_rate": 0.02092919073579494,
    "value_counts": {}
  },
  "VIIRS_I1": {
    "mean": 1820.8529002089138,
    "std": 1867.509300825711,
    "min": -100.0,
    "max": 15997.0,
    "count": 337932397,
    "missing": 7223089,
    "missing_rate": 0.02092705836348781,
    "value_counts": {}
  },
  "NDVI": {
    "mean": 4113.033065551047,
    "std": 2180.384127959779,
    "min": -9966.0,
    "max": 9993.0,
    "count": 319821254,
    "missing": 25334232,
    "missing_rate": 0.07339947654779562,
    "value_counts": {}
  },
  "EVI2": {
    "mean": 2099.49552904443,
    "std": 1033.162949919937,
    "min": -4519.0,
    "max": 9997.0,
    "count": 319821116,
    "missing": 25334370,
    "missing_rate": 0.07339987636760321,
    "value_counts": {}
  },
  "Total_Precip": {
    "mean": 0.4475163404646015,
    "std": 2.275065066058836,
    "min": 0.0,
    "max": 122.0,
    "count": 340030217,
    "missing": 5125269,
    "missing_rate": 0.014849159894274431,
    "value_counts": {}
  },
  "Wind_Speed": {
    "mean": 3.6110662949551924,
    "std": 1.5993510289177677,
    "min": 0.4000000059604645,
    "max": 16.200000762939453,
    "count": 340030217,
    "missing": 5125269,
    "missing_rate": 0.014849159894274431,
    "value_counts": {}
  },
  "Wind_Direction": {
    "mean": 220.61534859415156,
    "std": 86.68189762509104,
    "min": 0.0,
    "max": 360.0,
    "count": 340030217,
    "missing": 5125269,
    "missing_rate": 0.014849159894274431,
    "value_counts": {}
  },
  "Min_Temp_K": {
    "mean": 283.3953153522235,
    "std": 8.17267512559268,
    "min": 242.0,
    "max": 311.79998779296875,
    "count": 340030217,
    "missing": 5125269,
    "missing_rate": 0.014849159894274431,
    "value_counts": {}
  },
  "Max_Temp_K": {
    "mean": 299.6013020807501,
    "std": 9.059989737642153,
    "min": 257.5,
    "max": 325.3999938964844,
    "count": 340030217,
    "missing": 5125269,
    "missing_rate": 0.014849159894274431,
    "value_counts": {}
  },
  "ERC": {
    "mean": 71.55796720266187,
    "std": 20.285997059067768,
    "min": 0.0,
    "max": 122.0,
    "count": 340030217,
    "missing": 5125269,
    "missing_rate": 0.014849159894274431,
    "value_counts": {}
  },
  "Spec_Hum": {
    "mean": 0.00531671658231742,
    "std": 0.0023047919895674133,
    "min": 0.00044999999227002263,
    "max": 0.018880000337958336,
    "count": 340030217,
    "missing": 5125269,
    "missing_rate": 0.014849159894274431,
    "value_counts": {}
  },
  "PDSI": {
    "mean": 6.697700068790861,
    "std": 6.4827207289586095,
    "min": 0.0,
    "max": 67.07324981689453,
    "count": 338713598,
    "missing": 6441888,
    "missing_rate": 0.018663727685904432,
    "value_counts": {}
  },
  "Slope": {
    "mean": 175.23590131152633,
    "std": 102.34219545717673,
    "min": -0.0,
    "max": 359.8907165527344,
    "count": 338713598,
    "missing": 6441888,
    "missing_rate": 0.018663727685904432,
    "value_counts": {}
  },
  "Aspect": {
    "mean": 1456.338946961594,
    "std": 798.7536882161013,
    "min": -84.0,
    "max": 4344.0,
    "count": 338817234,
    "missing": 6338252,
    "missing_rate": 0.018363468804896817,
    "value_counts": {}
  },
  "Elevation": {
    "mean": -1.4713694654805447,
    "std": 1.746245237951412,
    "min": -6.71999979019165,
    "max": 8.279999732971191,
    "count": 338321350,
    "missing": 6834136,
    "missing_rate": 0.01980016623580481,
    "value_counts": {}
  },
  "Landcover": {
    "mean": 8.909130396959705,
    "std": 3.3198846213137956,
    "min": 1.0,
    "max": 17.0,
    "count": 345155486,
    "missing": 0,
    "missing_rate": 0.0,
    "value_counts": {
      "1": 33959429,
      "6": 3002248,
      "7": 32900904,
      "8": 34927321,
      "9": 38482029,
      "10": 158243581,
      "11": 558627,
      "12": 15503256,
      "13": 8584349,
      "16": 8125561,
      "2": 1210379,
      "4": 116131,
      "5": 1093601,
      "14": 310063,
      "17": 8004802,
      "15": 133205
    }
  },
  "Forecast_Precip": {
    "mean": 5.4394607715651375,
    "std": 10.307830227090527,
    "min": 0.0,
    "max": 204.1875,
    "count": 345155486,
    "missing": 0,
    "missing_rate": 0.0,
    "value_counts": {}
  },
  "Forecast_Wind_Speed": {
    "mean": 1.6958569470629825,
    "std": 1.2726468794901953,
    "min": 0.002021260093897581,
    "max": 14.295915603637695,
    "count": 345155486,
    "missing": 0,
    "missing_rate": 0.0,
    "value_counts": {}
  },
  "Forecast_Wind_Dir": {
    "mean": 9.010820320623377,
    "std": 44.660599981555414,
    "min": -89.99921417236328,
    "max": 89.98896789550781,
    "count": 345155486,
    "missing": 0,
    "missing_rate": 0.0,
    "value_counts": {}
  },
  "Forecast_Temp_C": {
    "mean": 18.564397898270695,
    "std": 7.925262219747078,
    "min": -13.984883308410645,
    "max": 39.50589370727539,
    "count": 345155486,
    "missing": 0,
    "missing_rate": 0.0,
    "value_counts": {}
  },
  "Forecast_Spec_Hum": {
    "mean": 0.005228476432139368,
    "std": 0.002000969063770891,
    "min": 0.0009803972207009792,
    "max": 0.014013266190886497,
    "count": 345155486,
    "missing": 0,
    "missing_rate": 0.0,
    "value_counts": {}
  },
  "Active_Fire": {
    "mean": 0.02903118277540575,
    "std": 0.6995638525792938,
    "min": 0.0,
    "max": 22.0,
    "count": 345155486,
    "missing": 0,
    "missing_rate": 0.0,
    "value_counts": {
      "0": 344480528,
      "19": 26330,
      "20": 144952,
      "21": 136206,
      "9": 115607,
      "10": 179905,
      "22": 19845,
      "8": 30892,
      "7": 776,
      "18": 1010,
      "11": 19435
    }
  },
  "total_samples": 345155486
}