Landcover,Active_Fire
1.0,0.006221444541654515
5.0,0.0060790273556231
11.0,0.005571030640668524
14.0,0.004901960784313725
8.0,0.0037508004757112797
6.0,0.0030425963488843813
2.0,0.00261437908496732
9.0,0.002030106867889838
10.0,0.00098806860551827
12.0,0.0003673094582185491
7.0,0.0002623180168757924
4.0,0.0
13.0,0.0
15.0,0.0
16.0,0.0
17.0,0.0
